{
  "config": {
    "lambda_bins": 8,
    "info_bins": 8,
    "entropy_bins": 8,
    "volatility_bins": 8,
    "use_whitening": true,
    "use_adaptive_emitters": true
  },
  "stats": {
    "evaluations": 207,
    "improvements": 21,
    "grid_spam_prevented": 58,
    "grid_size": 13,
    "lineage_entropy": 2.5654483718208256
  },
  "elites": {
    "4,4,4,4": {
      "genome": "++[>+<-].:{;}{?}^*=@=.#%",
      "fitness": 0.0,
      "lambda_dev": 0.16666680555553248,
      "info_per_energy": 0.0,
      "entropy_slope": 0.01696418041483301,
      "volatility": 0.0785673677535771,
      "stats": {
        "seed": 42,
        "energy": -0.8333333333333768,
        "temperature": 0.7563166508056627,
        "entropy": 1.503685543668725,
        "free_energy": -1.970595747585799,
        "branching_factor": 0.8333331944444675,
        "lambda_volatility": 0.0785673677535771,
        "steps": 172,
        "mutations": 5,
        "mutations_wild": 2,
        "replications": 3,
        "crossovers": 3,
        "learns": 0,
        "pid_updates": 3,
        "metropolis_accepts": 0,
        "metropolis_rejects": 0,
        "genome_bank_size": 3,
        "elite_count": 0,
        "output_length": 0,
        "output_complexity": 0.0,
        "dS_dt_ema": 0.01696418041483301,
        "dK_dt_ema": 0.0,
        "pid_p": -0.01666668055555325,
        "pid_i": -0.003333338611110025,
        "pid_d": 0.0,
        "var_ema": 0.0005527786990749174,
        "lambda_dev": 0.16666680555553248,
        "info_per_energy": 0.0,
        "entropy_slope": 0.01696418041483301,
        "volatility": 0.0785673677535771,
        "K_output": 0.0
      },
      "ancestor_id": 0
    },
    "0,7,7,0": {
      "genome": ":+[>:-*:;.#",
      "fitness": 0.7754004354201477,
      "lambda_dev": 0.0,
      "info_per_energy": 0.7754004354201477,
      "entropy_slope": 0.7592238416866218,
      "volatility": 0.0,
      "stats": {
        "seed": 42,
        "energy": -3.499999999999999,
        "temperature": 0.503,
        "entropy": 16.599665503007774,
        "free_energy": -11.84963174801291,
        "branching_factor": 1.0,
        "lambda_volatility": 0.0,
        "steps": 196,
        "mutations": 2,
        "mutations_wild": 1,
        "replications": 2,
        "crossovers": 0,
        "learns": 0,
        "pid_updates": 3,
        "metropolis_accepts": 0,
        "metropolis_rejects": 0,
        "genome_bank_size": 2,
        "elite_count": 0,
        "output_length": 33,
        "output_complexity": 19,
        "dS_dt_ema": 0.7592238416866218,
        "dK_dt_ema": 1.5779398860800007,
        "pid_p": 0.0,
        "pid_i": 0.0,
        "pid_d": 0.0,
        "var_ema": 0.0,
        "lambda_dev": 0.0,
        "info_per_energy": 0.7754004354201477,
        "entropy_slope": 0.7592238416866218,
        "volatility": 0.0,
        "K_output": 19
      },
      "ancestor_id": 1
    },
    "7,0,0,0": {
      "genome": "{?}{?}{?}^=v=.#",
      "fitness": 0.0,
      "lambda_dev": 0.5588235423875428,
      "info_per_energy": 0.0,
      "entropy_slope": 0.0,
      "volatility": 0.055691240163987424,
      "stats": {
        "seed": 42,
        "energy": 0.0,
        "temperature": 0.01,
        "entropy": 0.0,
        "free_energy": 0.0,
        "branching_factor": 0.44117645761245716,
        "lambda_volatility": 0.055691240163987424,
        "steps": 167,
        "mutations": 4,
        "mutations_wild": 0,
        "replications": 0,
        "crossovers": 0,
        "learns": 0,
        "pid_updates": 3,
        "metropolis_accepts": 0,
        "metropolis_rejects": 0,
        "genome_bank_size": 0,
        "elite_count": 0,
        "output_length": 22,
        "output_complexity": 0.0,
        "dS_dt_ema": 0.0,
        "dK_dt_ema": 0.0,
        "pid_p": -0.050000001666666606,
        "pid_i": -0.012922078939365757,
        "pid_d": -0.0035714280442177174,
        "var_ema": 0.005614368156872857,
        "lambda_dev": 0.5588235423875428,
        "info_per_energy": 0.0,
        "entropy_slope": 0.0,
        "volatility": 0.055691240163987424,
        "K_output": 0.0
      },
      "ancestor_id": 2
    },
    "7,7,0,0": {
      "genome": "+^^[>+++<-]>{?}*=@.#%",
      "fitness": 0.49808464730290475,
      "lambda_dev": 1.0,
      "info_per_energy": 0.49808464730290475,
      "entropy_slope": 0.0,
      "volatility": 0.0,
      "stats": {
        "seed": 42,
        "energy": -0.8333333333333384,
        "temperature": 0.4918079799999999,
        "entropy": 0.0,
        "free_energy": -0.8333333333333384,
        "branching_factor": 0.0,
        "lambda_volatility": 0.0,
        "steps": 155,
        "mutations": 3,
        "mutations_wild": 2,
        "replications": 1,
        "crossovers": 1,
        "learns": 0,
        "pid_updates": 3,
        "metropolis_accepts": 0,
        "metropolis_rejects": 0,
        "genome_bank_size": 1,
        "elite_count": 0,
        "output_length": 18,
        "output_complexity": 7,
        "dS_dt_ema": 0.0,
        "dK_dt_ema": 1.0003200000000003,
        "pid_p": -0.1,
        "pid_i": -0.03,
        "pid_d": 0.0,
        "var_ema": 0.029700999999999998,
        "lambda_dev": 1.0,
        "info_per_energy": 0.49808464730290475,
        "entropy_slope": 0.0,
        "volatility": 0.0,
        "K_output": 7
      },
      "ancestor_id": 4
    },
    "7,0,7,7": {
      "genome": "++[>+<-]^v^v:{;}#.%",
      "fitness": 0.0,
      "lambda_dev": 0.42857151020407,
      "info_per_energy": 0.0,
      "entropy_slope": 0.11408834469124063,
      "volatility": 0.16083314825153627,
      "stats": {
        "seed": 42,
        "energy": -0.6666666666667231,
        "temperature": 0.3679764499016059,
        "entropy": 3.508944611222958,
        "free_energy": -1.9578756476059178,
        "branching_factor": 0.57142848979593,
        "lambda_volatility": 0.16083314825153627,
        "steps": 201,
        "mutations": 0,
        "mutations_wild": 0,
        "replications": 0,
        "crossovers": 0,
        "learns": 0,
        "pid_updates": 4,
        "metropolis_accepts": 0,
        "metropolis_rejects": 0,
        "genome_bank_size": 0,
        "elite_count": 0,
        "output_length": 0,
        "output_complexity": 0.0,
        "dS_dt_ema": 0.11408834469124063,
        "dK_dt_ema": 0.0,
        "pid_p": -0.042857151020407006,
        "pid_i": -0.009619057257592696,
        "pid_d": -0.011428567510205101,
        "var_ema": 0.0033217374791885256,
        "lambda_dev": 0.42857151020407,
        "info_per_energy": 0.0,
        "entropy_slope": 0.11408834469124063,
        "volatility": 0.16083314825153627,
        "K_output": 0.0
      },
      "ancestor_id": 5
    },
    "7,0,7,0": {
      "genome": "{+}{?}^{-}{?}v*=@:{;}#%",
      "fitness": 0.0,
      "lambda_dev": 0.6500000174999991,
      "info_per_energy": 0.0,
      "entropy_slope": 0.122218369438791,
      "volatility": 0.007894743531854875,
      "stats": {
        "seed": 42,
        "energy": -6.0,
        "temperature": 0.3082376607000654,
        "entropy": 2.0335047423887675,
        "free_energy": -6.626802744816403,
        "branching_factor": 0.34999998250000086,
        "lambda_volatility": 0.007894743531854875,
        "steps": 107,
        "mutations": 5,
        "mutations_wild": 2,
        "replications": 4,
        "crossovers": 5,
        "learns": 0,
        "pid_updates": 2,
        "metropolis_accepts": 0,
        "metropolis_rejects": 0,
        "genome_bank_size": 4,
        "elite_count": 0,
        "output_length": 1,
        "output_complexity": 0.0,
        "dS_dt_ema": 0.122218369438791,
        "dK_dt_ema": 0.0,
        "pid_p": -0.06842105429362873,
        "pid_i": -0.013842105729362841,
        "pid_d": 0.0007894743531854876,
        "var_ema": 0.009532441086451657,
        "lambda_dev": 0.6500000174999991,
        "info_per_energy": 0.0,
        "entropy_slope": 0.122218369438791,
        "volatility": 0.007894743531854875,
        "K_output": 0.0
      },