{
  "config": {
    "lambda_bins": 10,
    "info_bins": 10,
    "entropy_bins": 10,
    "lambda_range": [
      0.0,
      2.0
    ],
    "info_range": [
      0.0,
      10.0
    ],
    "entropy_range": [
      -1.0,
      1.0
    ]
  },
  "stats": {
    "evaluations": 57,
    "improvements": 10,
    "grid_size": 8
  },
  "elites": {
    "1,0,5": {
      "genome": "++[>+<-].:{;}{?}^*=@=.#%",
      "fitness": 0.0,
      "lambda_dev": 0.3333334444444259,
      "info_per_energy": 0.0,
      "entropy_slope": 0.0,
      "stats": {
        "seed": 42,
        "energy": -0.8333333333333877,
        "temperature": 0.5666665722222435,
        "entropy": 1.5097750043269373,
        "free_energy": -1.688872359862156,
        "branching_factor": 0.6666665555555741,
        "steps": 254,
        "mutations": 5,
        "mutations_wild": 1,
        "replications": 3,
        "crossovers": 2,
        "learns": 1,
        "pid_updates": 5,
        "genome_bank_size": 3,
        "elite_count": 0,
        "output_length": 0,
        "output_complexity": 0.0,
        "dS_dt": 0.0,
        "dK_dt": 0.0,
        "pid_p": -0.033333344444442595,
        "pid_i": -0.01666667333333185,
        "pid_d": 0.0
      }
    },
    "0,0,7": {
      "genome": ":+[>+<-];.#",
      "fitness": 0.06499999999999999,
      "lambda_dev": 0.0,
      "info_per_energy": 0.06499999999999999,
      "entropy_slope": 0.5032583347756461,
      "stats": {
        "seed": 42,
        "energy": -4.551914400963142e-14,
        "temperature": 0.5,
        "entropy": 11.574941699839856,
        "free_energy": -5.787470849919973,
        "branching_factor": 1.0,
        "steps": 263,
        "mutations": 0,
        "mutations_wild": 0,
        "replications": 0,
        "crossovers": 0,
        "learns": 0,
        "pid_updates": 5,
        "genome_bank_size": 0,
        "elite_count": 0,
        "output_length": 24,
        "output_complexity": 13,
        "dS_dt": 0.5032583347756461,
        "dK_dt": 1,
        "pid_p": 0.0,
        "pid_i": 0.0,
        "pid_d": 0.0
      }
    },
    "3,0,5": {
      "genome": "{?[>+<-];.#",
      "fitness": 0.09999999999999999,
      "lambda_dev": 0.7500000624999844,
      "info_per_energy": 0.09999999999999999,
      "entropy_slope": 0.0,
      "stats": {
        "seed": 42,
        "energy": -2.9531932455029164e-14,
        "temperature": 0.19249997437500638,
        "entropy": 0.0,
        "free_energy": -2.9531932455029164e-14,
        "branching_factor": 0.24999993750001562,
        "steps": 158,
        "mutations": 2,
        "mutations_wild": 1,
        "replications": 0,
        "crossovers": 0,
        "learns": 0,
        "pid_updates": 3,
        "genome_bank_size": 0,
        "elite_count": 0,
        "output_length": 31,
        "output_complexity": 20,
        "dS_dt": 0.0,
        "dK_dt": 2,
        "pid_p": -0.07500000624999845,
        "pid_i": -0.022500001874999533,
        "pid_d": 0.0
      }
    },
    "2,0,5": {
      "genome": "*=@=:{;}#%",
      "fitness": 0.0,
      "lambda_dev": 0.5000000624999921,
      "info_per_energy": 0.0,
      "entropy_slope": 0.0,
      "stats": {
        "seed": 42,
        "energy": 0.0,
        "temperature": 0.6359999808000038,
        "entropy": 2.6306281795229634,
        "free_energy": -1.6730794716685535,
        "branching_factor": 0.4999999375000079,
        "steps": 79,
        "mutations": 15,
        "mutations_wild": 3,
        "replications": 11,
        "crossovers": 6,
        "learns": 0,
        "pid_updates": 1,
        "genome_bank_size": 11,
        "elite_count": 0,
        "output_length": 0,
        "output_complexity": 0.0,
        "dS_dt": 0.0,
        "dK_dt": 0.0,
        "pid_p": -0.0400000119999976,
        "pid_i": -0.00400000119999976,
        "pid_d": -0.0200000059999988
      }
    },
    "5,0,5": {
      "genome": "+++[>+++<-]>{?}*=@.#%",
      "fitness": 0.024958402662229616,
      "lambda_dev": 1.0,
      "info_per_energy": 0.024958402662229616,
      "entropy_slope": 0.0,
      "stats": {
        "seed": 42,
        "energy": -0.33333333333333126,
        "temperature": 0.08999999999999997,
        "entropy": 0.0,
        "free_energy": -0.33333333333333126,
        "branching_factor": 0.0,
        "steps": 153,
        "mutations": 1,
        "mutations_wild": 0,
        "replications": 1,
        "crossovers": 1,
        "learns": 0,
        "pid_updates": 3,
        "genome_bank_size": 1,
        "elite_count": 0,
        "output_length": 16,
        "output_complexity": 5,
        "dS_dt": 0.0,
        "dK_dt": 2,
        "pid_p": -0.1,
        "pid_i": -0.03,
        "pid_d": 0.0
      }
    },
    "0,0,5": {
      "genome": "+++[>+++<-]>??}*=@.#%",
      "fitness": 0.024834437086092714,
      "lambda_dev": 0.0,
      "info_per_energy": 0.024834437086092714,
      "entropy_slope": 0.0,
      "stats": {
        "seed": 42,
        "energy": -1.3333333333333455,
        "temperature": 0.5,
        "entropy": 0.0,
        "free_energy": -1.3333333333333455,
        "branching_factor": 1.0,
        "steps": 154,
        "mutations": 1,
        "mutations_wild": 0,
        "replications": 1,
        "crossovers": 1,
        "learns": 0,
        "pid_updates": 3,
        "genome_bank_size": 1,
        "elite_count": 0,
        "output_length": 16,
        "output_complexity": 5,
        "dS_dt": 0.0,
        "dK_dt": 2,
        "pid_p": 0.0,
        "pid_i": 0.0,
        "pid_d": 0.0
      }
    },
    "4,0,5": {
      "genome": "{?},?}{+},=v=.#",
      "fitness": 0.05472636815920398,
      "lambda_dev": 0.8260869640831755,
      "info_per_energy": 0.05472636815920398,
      "entropy_slope": 0.0,
      "stats": {
        "seed": 42,
        "energy": -1.0,
        "temperature": 0.01,
        "entropy": 0.0,
        "free_energy": -1.0,
        "branching_factor": 0.17391303591682453,
        "steps": 166,
        "mutations": 2,
        "mutations_wild": 0,
        "replications": 0,
        "crossovers": 0,
        "learns": 0,
        "pid_updates": 3,
        "genome_bank_size": 0,
        "elite_count": 0,
        "output_length": 22,
        "output_complexity": 11,
        "dS_dt": 0.0,
        "dK_dt": 1,
        "pid_p": -0.08000000099999996,
        "pid_i": -0.024428571885714245,
        "pid_d": -0.0007142854489796236
      }
    },
    "1,0,7": {
      "genome": "{?}{?}{?}^{;}{?}^*=@=.#%",
      "fitness": 0.0,
      "lambda_dev": 0.3000000349999983,
      "info_per_energy": 0.0,
      "entropy_slope": 0.5032583347756457,
      "stats": {
        "seed": 42,
        "energy": -3.0,
        "temperature": 1.2418181725619843,
        "entropy": 1.0065166695512915,
        "free_energy": -4.2499106912353595,
        "branching_factor": 0.6999999650000017,
        "steps": 92,
        "mutations": 14,
        "mutations_wild": 1,
        "replications": 3,
        "crossovers": 6,
        "learns": 0,
        "pid_updates": 1,
        "genome_bank_size": 3,
        "elite_count": 0,
        "output_length": 3,
        "output_complexity": 0.0,
        "dS_dt": 0.5032583347756457,
        "dK_dt": 0.0,
        "pid_p": -0.036363642148759805,
        "pid_i": -0.0036363642148759803,
        "pid_d": -0.018181821074379902
      }
    }
  }
}