{
  "criticality_sweep": {
    "T_values": [
      0.1,
      0.2,
      0.3,
      0.4,
      0.5,
      0.6,
      0.7,
      0.7999999999999999,
      0.8999999999999999,
      0.9999999999999999,
      1.0999999999999999,
      1.2
    ],
    "time_to_halt": [
      203,
      203,
      203,
      203,
      203,
      203,
      203,
      203,
      203,
      203,
      203,
      203
    ],
    "mean_lambda": [
      1.0,
      1.0,
      1.0,
      1.0,
      1.0,
      1.0,
      1.0,
      1.0,
      1.0,
      1.0,
      1.0,
      1.0
    ],
    "final_F": [
      -5.084821452783217e-14,
      -5.084821452783217e-14,
      -5.084821452783217e-14,
      -5.084821452783217e-14,
      -5.084821452783217e-14,
      -5.084821452783217e-14,
      -5.084821452783217e-14,
      -5.084821452783217e-14,
      -5.084821452783217e-14,
      -5.084821452783217e-14,
      -5.084821452783217e-14,
      -5.084821452783217e-14
    ],
    "K_output": [
      2,
      2,
      2,
      2,
      2,
      2,
      2,
      2,
      2,
      2,
      2,
      2
    ],
    "final_energy": [
      -5.084821452783217e-14,
      -5.084821452783217e-14,
      -5.084821452783217e-14,
      -5.084821452783217e-14,
      -5.084821452783217e-14,
      -5.084821452783217e-14,
      -5.084821452783217e-14,
      -5.084821452783217e-14,
      -5.084821452783217e-14,
      -5.084821452783217e-14,
      -5.084821452783217e-14,
      -5.084821452783217e-14
    ],
    "mutations": [
      0,
      0,
      0,
      0,
      0,
      0,
      0,
      0,
      0,
      0,
      0,
      0
    ],
    "replications": [
      0,
      0,
      0,
      0,
      0,
      0,
      0,
      0,
      0,
      0,
      0,
      0
    ]
  }
}